{
	"credit": "Made with Blockbench",
	"parent": "amethyst_shard",
	"texture_size": [32, 32],
	"textures": {
		"0": "shardcraft/anniversary/ten_shard"
	},
	"elements": [
		{
			"from": [3, 0, 3],
			"to": [13, 1, 13],
			"rotation": {"angle": 0, "axis": "y", "origin": [2, 0, 2]},
			"faces": {
				"north": {"uv": [10.5, 4, 15.5, 4.5], "texture": "#0"},
				"east": {"uv": [10.5, 4.5, 15.5, 5], "texture": "#0"},
				"south": {"uv": [10.5, 5, 15.5, 5.5], "texture": "#0"},
				"west": {"uv": [10.5, 5.5, 15.5, 6], "texture": "#0"},
				"up": {"uv": [5, 5, 0, 0], "texture": "#0"},
				"down": {"uv": [5, 5, 0, 10], "texture": "#0"}
			}
		},
		{
			"name": "Bigger",
			"from": [7.5, 0.55, 6],
			"to": [10.5, 12.55, 9],
			"rotation": {"angle": -22.5, "axis": "x", "origin": [8.5, 1, 7.5]},
			"faces": {
				"north": {"uv": [5, 0, 6.5, 6], "texture": "#0"},
				"east": {"uv": [5, 6, 6.5, 12], "texture": "#0"},
				"south": {"uv": [6.5, 0, 8, 6], "texture": "#0"},
				"west": {"uv": [6.5, 6, 8, 12], "texture": "#0"},
				"up": {"uv": [12, 7.5, 10.5, 6], "texture": "#0"},
				"down": {"uv": [12, 7.5, 10.5, 9], "texture": "#0"}
			}
		},
		{
			"name": "Mediumer",
			"from": [6, 0, 7],
			"to": [8, 11, 10],
			"rotation": {"angle": 22.5, "axis": "z", "origin": [6, 0, 8.5]},
			"faces": {
				"north": {"uv": [9.5, 0, 10.5, 5.5], "texture": "#0"},
				"east": {"uv": [8, 0, 9.5, 5.5], "texture": "#0"},
				"south": {"uv": [9.5, 5.5, 10.5, 11], "texture": "#0"},
				"west": {"uv": [8, 5.5, 9.5, 11], "texture": "#0"},
				"up": {"uv": [9.5, 12.5, 8.5, 11], "texture": "#0"},
				"down": {"uv": [12, 9, 11, 10.5], "texture": "#0"}
			}
		},
		{
			"name": "Smaller",
			"from": [6.7, 1, 8],
			"to": [8.7, 10, 10],
			"rotation": {"angle": 22.5, "axis": "x", "origin": [8, 1, 9]},
			"faces": {
				"north": {"uv": [0, 10, 1, 14.5], "texture": "#0"},
				"east": {"uv": [1, 10, 2, 14.5], "texture": "#0"},
				"south": {"uv": [2, 10, 3, 14.5], "texture": "#0"},
				"west": {"uv": [3, 10, 4, 14.5], "texture": "#0"},
				"up": {"uv": [12.5, 4, 11.5, 3], "texture": "#0"},
				"down": {"uv": [13.5, 2.5, 12.5, 3.5], "texture": "#0"}
			}
		},
		{
			"from": [9.7, 1, 8.5],
			"to": [10.7, 6, 9.5],
			"rotation": {"angle": -22.5, "axis": "z", "origin": [9.5, 1, 8.5]},
			"faces": {
				"north": {"uv": [11.5, 10.5, 12, 13], "texture": "#0"},
				"east": {"uv": [12, 0, 12.5, 2.5], "texture": "#0"},
				"south": {"uv": [5, 12, 5.5, 14.5], "texture": "#0"},
				"west": {"uv": [5.5, 12, 6, 14.5], "texture": "#0"},
				"up": {"uv": [12.5, 3, 12, 2.5], "texture": "#0"},
				"down": {"uv": [13, 3.5, 12.5, 4], "texture": "#0"}
			}
		},
		{
			"from": [6.5, 1, 6],
			"to": [7.5, 7, 7],
			"rotation": {"angle": 0, "axis": "z", "origin": [7.5, 1, 6.5]},
			"faces": {
				"north": {"uv": [9.5, 11, 10, 14], "texture": "#0"},
				"east": {"uv": [10, 11, 10.5, 14], "texture": "#0"},
				"south": {"uv": [11, 10.5, 11.5, 13.5], "texture": "#0"},
				"west": {"uv": [11.5, 0, 12, 3], "texture": "#0"},
				"up": {"uv": [13.5, 2.5, 13, 2], "texture": "#0"},
				"down": {"uv": [13.5, 3.5, 13, 4], "texture": "#0"}
			}
		},
		{
			"from": [6, 1, 6.2],
			"to": [7, 5, 7.2],
			"rotation": {"angle": 22.5, "axis": "z", "origin": [6.5, 1, 6.5]},
			"faces": {
				"north": {"uv": [12.5, 6, 13, 8], "texture": "#0"},
				"east": {"uv": [12.5, 8, 13, 10], "texture": "#0"},
				"south": {"uv": [8.5, 12.5, 9, 14.5], "texture": "#0"},
				"west": {"uv": [9, 12.5, 9.5, 14.5], "texture": "#0"},
				"up": {"uv": [13.5, 10.5, 13, 10], "texture": "#0"},
				"down": {"uv": [11, 13, 10.5, 13.5], "texture": "#0"}
			}
		},
		{
			"from": [9, 1, 8],
			"to": [10, 6, 9],
			"rotation": {"angle": -22.5, "axis": "y", "origin": [9.5, 1, 8.5]},
			"faces": {
				"north": {"uv": [6, 12, 6.5, 14.5], "texture": "#0"},
				"east": {"uv": [12, 6, 12.5, 8.5], "texture": "#0"},
				"south": {"uv": [6.5, 12, 7, 14.5], "texture": "#0"},
				"west": {"uv": [7, 12, 7.5, 14.5], "texture": "#0"},
				"up": {"uv": [13.5, 11, 13, 10.5], "texture": "#0"},
				"down": {"uv": [13.5, 11, 13, 11.5], "texture": "#0"}
			}
		},
		{
			"from": [6.3, 1, 6],
			"to": [7.3, 6, 7],
			"rotation": {"angle": -22.5, "axis": "x", "origin": [6.5, 1, 6.5]},
			"faces": {
				"north": {"uv": [7.5, 12, 8, 14.5], "texture": "#0"},
				"east": {"uv": [12, 8.5, 12.5, 11], "texture": "#0"},
				"south": {"uv": [12, 11, 12.5, 13.5], "texture": "#0"},
				"west": {"uv": [12.5, 0, 13, 2.5], "texture": "#0"},
				"up": {"uv": [12, 13.5, 11.5, 13], "texture": "#0"},
				"down": {"uv": [13.5, 11.5, 13, 12], "texture": "#0"}
			}
		},
		{
			"from": [7, 1, 8],
			"to": [8, 9, 10],
			"rotation": {"angle": -45, "axis": "y", "origin": [7.5, 1, 8.5]},
			"faces": {
				"north": {"uv": [10.5, 9, 11, 13], "texture": "#0"},
				"east": {"uv": [4, 10, 5, 14], "texture": "#0"},
				"south": {"uv": [8, 11, 8.5, 15], "texture": "#0"},
				"west": {"uv": [10.5, 0, 11.5, 4], "texture": "#0"},
				"up": {"uv": [13.5, 9, 13, 8], "texture": "#0"},
				"down": {"uv": [13.5, 9, 13, 10], "texture": "#0"}
			}
		},
		{
			"from": [8.8, 1, 8.5],
			"to": [9.8, 5, 9.5],
			"rotation": {"angle": 22.5, "axis": "x", "origin": [9.5, 1, 8.5]},
			"faces": {
				"north": {"uv": [12.5, 10, 13, 12], "texture": "#0"},
				"east": {"uv": [12.5, 12, 13, 14], "texture": "#0"},
				"south": {"uv": [13, 0, 13.5, 2], "texture": "#0"},
				"west": {"uv": [13, 6, 13.5, 8], "texture": "#0"},
				"up": {"uv": [13.5, 12.5, 13, 12], "texture": "#0"},
				"down": {"uv": [13.5, 12.5, 13, 13], "texture": "#0"}
			}
		}
	],
	"display": {
		"thirdperson_righthand": {
			"rotation": [40, 0, 0],
			"translation": [0, 4, 0],
			"scale": [0.5, 0.5, 0.5]
		},
		"thirdperson_lefthand": {
			"rotation": [40, 0, 0],
			"translation": [0, 4, 0],
			"scale": [0.5, 0.5, 0.5]
		},
		"firstperson_righthand": {
			"rotation": [16, -12, 9],
			"translation": [0, 4.75, 1.75],
			"scale": [0.5, 0.5, 0.5]
		},
		"firstperson_lefthand": {
			"rotation": [16, 12, 9],
			"translation": [0, 4.75, 1.75],
			"scale": [0.5, 0.5, 0.5]
		},
		"ground": {
			"translation": [0, 5.75, 0]
		},
		"gui": {
			"rotation": [22.5, -65, 0],
			"translation": [0, 1.5, 0],
			"scale": [0.8, 0.8, 0.8]
		},
		"head": {
			"translation": [0, 14.5, 0]
		},
		"fixed": {
			"rotation": [-90, 0, 0],
			"translation": [0, 0, -16],
			"scale": [2, 2, 2]
		}
	},
	"groups": [
		{
			"name": "Base",
			"origin": [0, 0, 0],
			"color": 0,
			"children": [0]
		},
		{
			"name": "Crystals",
			"origin": [8, 8, 8],
			"color": 0,
			"children": [
				1,
				2,
				3,
				{
					"name": "Small Crystals",
					"origin": [8, 8, 8],
					"color": 0,
					"children": [4, 5, 6, 7, 8, 9, 10]
				}
			]
		}
	]
}
