{
    "parent": "item/generated",
    "textures": {
        "layer0": "item/poisonous_potato"
    },
	"overrides": [
			{ "predicate": { "custom_model_data": 1}, "model": "item/nether_dragonfruit"},
			{ "predicate": { "custom_model_data": 2}, "model": "item/nether_mango"},
			{ "predicate": { "custom_model_data": 3}, "model": "item/nether_pear"},
			{ "predicate": { "custom_model_data": 4}, "model": "item/nether_plum"},
			{ "predicate": { "custom_model_data": 5}, "model": "item/nether_apple"},
			{ "predicate": { "custom_model_data": 6}, "model": "item/nether_sweet_berries"}
	]
}
